{
    "__comment": "Made with TheDestruc7i0n's advancements generator: https://advancements.thedestruc7i0n.ca",
    "display": {
        "title": {
            "text": "No place like home"
        },
        "description": {
            "text": "Become acquainted with your new spawn point",
            "color": "yellow"
        },
        "icon": {
            "item": "minecraft:netherrack"
        },
        "frame": "task",
        "show_toast": true,
        "announce_to_chat": true,
        "hidden": false
    },
    "criteria": {
        "c1": {
            "trigger": "minecraft:impossible"
        }
    },
    "parent": "origins:origins/blazeborn"
}