{
    "__comment": "Made with TheDestruc7i0n's advancements generator: https://advancements.thedestruc7i0n.ca",
    "display": {
        "title": {
            "text": "No shower for me, thanks"
        },
        "description": {
            "text": "Take a nice dip or shower in water",
            "color": "yellow"
        },
        "icon": {
            "item": "minecraft:water_bucket"
        },
        "frame": "task",
        "show_toast": true,
        "announce_to_chat": true,
        "hidden": false
    },
    "criteria": {
        "c1": {
            "trigger": "minecraft:impossible"
        }
    },
    "parent": "origins:origins/blazeborn"
}