{
    "__comment": "Made with TheDestruc7i0n's advancements generator: https://advancements.thedestruc7i0n.ca",
    "display": {
        "title": {
            "text": "Get Webbed!"
        },
        "description": {
            "text": "Trap an opponent with a cobweb",
            "color": "yellow"
        },
        "icon": {
            "item": "minecraft:cobweb"
        },
        "frame": "task",
        "show_toast": true,
        "announce_to_chat": true,
        "hidden": false
    },
    "criteria": {
        "c1": {
            "trigger": "minecraft:impossible"
        }
    },
    "parent": "origins:origins/spider"
}